Id,Target Pressure (bar)
0,0.098691412965
1,0.10164428475500001
2,0.10510104014500003
3,0.06382721411
4,0.06267294734500001
5,0.06257338603000001
6,0.05859447745166662
7,0.05879752400499995
8,0.06681803315999997
9,0.73232658795
10,0.5612844696214284
11,0.437420046942857
12,0.8992200482888886
13,0.5931670588499999
14,0.44576373059285745
15,0.6246280224388893
16,0.44805416295232137
17,0.27300349200499996
18,0.3025079302787501
19,0.27634329873089275
20,0.22569553401214285
21,0.1225005158849999
22,0.11646439089897419
23,0.10967755951064088
24,0.19812123252220254
25,0.18164409581066213
26,0.11261851419064092
27,0.11938052367499997
28,0.11830408780499996
29,0.12150912416999995
30,0.08008978439900001
31,0.077943416529
32,0.07720424624399999
33,0.066077184735
34,0.065636464185
35,0.07034727047499999
36,0.9421301767999998
37,0.7589945576999996
38,0.7271575709999997
39,0.8666438124499991
40,0.7344288988499996
41,0.6577166834499996
42,0.6811616188249997
43,0.47747120176182956
44,0.34093521143294075
45,0.3427028991530799
46,0.31718811745307984
47,0.3024634664114132
48,0.23678251574011916
49,0.2209092733834524
50,0.1304969497896428
51,0.13006015712500005
52,0.12745759828000003
53,0.12828089564714287
54,0.09489686633053575
55,0.09625762930053576
56,0.106458912353869
57,0.06803128981166666
58,0.06657565832
59,0.06463330569833334
60,0.04453044189644752
61,0.044543875963590385
62,0.05349392078524974
63,0.3245570556681448
64,0.3165499848433193
65,0.3152281318492719
66,0.3315850808261365
67,0.32456586282172767
68,0.31492189428081074
69,0.30099321244269034
70,0.2812662639803285
71,0.24768180274940307
72,0.23472435819942788
73,0.23609773627442787
74,0.23379034051031053
75,0.1702300170819734
76,0.1574677149034141
77,0.11193239861087383
78,0.1097664565468186
79,0.11105359173142851
80,0.11095837350326944
81,0.1247187477113552
82,0.12597492083866288
83,0.12619209294049444
84,0.04896266871128573
85,0.04818239253667856
86,0.04685246578892856
87,0.04662552261734129
88,0.04632105140209125
89,0.0480173078916508
90,0.7294318214127781
91,0.48256854851572173
92,0.3268792180816015
93,0.7312305129198683
94,0.47494768790725084
95,0.33662712480285173
96,0.5950989725299997
97,0.40115790320683226
98,0.2700831790385503
99,0.35828468335317043
100,0.3028010431958982
101,0.24005483581779635
102,0.10326391048428576
103,0.0856730643217857
104,0.08100217962767861
105,0.12858179941062559
106,0.10017491009240084
107,0.08093561388559527
108,0.12888345370099993
109,0.132578138896
110,0.13860704740999996
111,0.10974923754000013
112,0.10787039065500009
113,0.09255800873499996
114,0.06849411665666659
115,0.07523268097166659
116,0.08469105095249989
117,0.677599957775
118,0.6454721208772729
119,0.546777154293939
120,0.7492159103049555
121,0.6864744585772727
122,0.5456900799872726
123,0.5192392026850001
124,0.4740307002349999
125,0.4136708413350003
126,0.4137996811850003
127,0.3904108443350001
128,0.35935358973
129,0.17609915804749982
130,0.16252253507515527
131,0.14540226974499995
132,0.13812045827000008
133,0.14358879079000006
134,0.141663032385
135,0.14810593522482135
136,0.1519219891560714
137,0.16451293588249993
138,0.12091153598000005
139,0.11426567246639711
140,0.11335727186379714
141,0.10083746677500002
142,0.10075417248625002
143,0.10981144949365004
144,0.8088380313874995
145,0.7318248814804488
146,0.6660542708721152
147,0.762936899153796
148,0.6912682395342448
149,0.6177305753559119
150,0.6368104524999998
151,0.5712131011991989
152,0.5343858972124998
153,0.5815378413708334
154,0.5388649192923854
155,0.4983774850603019
156,0.2540153803641667
157,0.22399160603559526
158,0.21859227442056317
159,0.27353427321261903
160,0.25829786617833334
161,0.22346351214722987
162,0.16017011094499986
163,0.16279095632999988
164,0.1891146569399999
165,0.1641065489049999
166,0.15907927076333328
167,0.15213423543
168,0.13832822974999995
169,0.13996537086833327
170,0.16559332131999993
171,0.585295855946667
172,0.566111944016667
173,0.554359261541667
174,0.5638576866716669
175,0.5543287476416668
176,0.528381819541667
177,0.5332285354716668
178,0.6022059370416665
179,0.6682623815999997
180,0.6175086492999994
181,0.6101793819333328
182,0.5781368498499996
183,0.29625998595392883
184,0.2883944976150003
185,0.2664075644200001
186,0.2452144609525
187,0.25138476223750006
188,0.2549712038399999
189,0.07065697421499997
190,0.07205805928199997
191,0.07441787414199998
192,0.054908320980937536
193,0.05404020372293753
194,0.0548539327929375
195,0.049018892260937495
196,0.04918759945093751
197,0.060112281085000045
198,0.38535926290250017
199,0.3519266553880555
200,0.3360838751130553
201,0.3364638654810714
202,0.31299953354162685
203,0.3005458386660715
204,0.3019015787262502
205,0.28810690042000003
206,0.3006585615625001
207,0.2195840266558333
208,0.2115730882058332
209,0.20482632829083308
210,0.15570091436000016
211,0.09662449917300003
212,0.088533345483
213,0.08628161856499997
214,0.08653867790799996
215,0.08785425439000003
216,0.1181056273104166
217,0.11793813735541654
218,0.11576860538374993
219,0.10844485550666669
220,0.10591883293666665
221,0.10289465656500006
222,0.07973053452600008
223,0.08034107150600008
224,0.08256171896000003
225,0.8883001973249995
226,0.5409173877214282
227,0.4251873978500001
228,0.9002172897249996
229,0.5291332545714282
230,0.42800414825000027
231,0.8072077705315788
232,0.47840647724491203
233,0.301826657331272
234,0.40217428368157904
235,0.3603234749745175
236,0.27791618829738085
237,0.13219816315375
238,0.11826083105374993
239,0.11329691285875
240,0.24091254369499993
241,0.1671712747419565
242,0.11641378070999998
243,0.11129371195500008
244,0.10964227165000008
245,0.10582376624000008
246,0.05796856841253367
247,0.056437389475617
248,0.054096452190617
249,0.05455170610747491
250,0.05286548166896298
251,0.055964033019166665
252,0.8438953600191664
253,0.4217235262551789
254,0.27889685080750004
255,0.8473320550541666
256,0.40911529816940495
257,0.2813100173075001
258,0.7006784808499998
259,0.33634958661809555
260,0.22475664929527794
261,0.35446778863824574
262,0.25243822287685697
263,0.2000898328952779
264,0.1121127912725
265,0.09056608058921244
266,0.09528435802568179
267,0.13993630469095958
268,0.1122053684647095
269,0.0945578212356818
270,0.28545350307999995
271,0.28595493574249997
272,0.34855988293750023
273,0.3453159841426851
274,0.3265204256576852
275,0.16160727554000018
276,0.13122190874805562
277,0.13249063528416688
278,0.21601023358999985
279,2.360174371699999
280,2.0915192258000004
281,1.9888474528500009
282,2.7124978956166665
283,2.4927193157166663
284,2.124805403449999
285,1.7218480425500016
286,1.4621081963999998
287,1.235646672611111
288,1.1985859285611107
289,1.1748475587944436
290,1.1400271796444434
291,0.8021190978000005
292,0.6078076533650002
293,0.4239777657766672
294,0.40336220696166686
295,0.4019733855066668
296,0.4033876041066668
297,0.12938170982857142
298,0.13315842553857135
299,0.1403663652866665
300,0.08673278507999997
301,0.08283534583499992
302,0.08232103048739994
303,0.06392576013250001
304,0.0659096457325
305,0.07828352276489996
306,0.6935051076247621
307,0.6125209723345836
308,0.5663590062166669
309,0.6329236797237207
310,0.5584575680002087
311,0.5162453950250006
312,0.5304624159644148
313,0.4758162798150002
314,0.41687397573743595
315,0.46753401752956575
316,0.4246359285801513
317,0.3762711892068182
318,0.18027229831714295
319,0.1595905739521429
320,0.14496351863000004
321,0.15153465318499998
322,0.14684418113749997
323,0.14476667481500002
324,0.10522912992056785
325,0.10574506624116302
326,0.10677880656321433
327,0.0515792040769444
328,0.05029351443809671
329,0.04908851486615231
330,0.04883230731096223
331,0.046811623086934456
332,0.05482175980094015
333,0.5247226840934978
334,0.4183425360496091
335,0.339185369646714
336,0.48019309917563996
337,0.37045116238688086
338,0.3124778051408806
339,0.35847788239467243
340,0.29356906067118055
341,0.21835440254157287
342,0.31395080490064936
343,0.2802654935462923
344,0.2236151151314889
345,0.1428475126666668
346,0.11445436366550744
347,0.10990683938358016
348,0.15935795125250013
349,0.1281845443216667
350,0.11011364583858015
351,0.17516467354833334
352,0.17997135735333336
353,0.181027837595
354,0.15102597644500002
355,0.15405628583500003
356,0.12128041986999999
357,0.097991685375
358,0.10881655295500002
359,0.12582864553000003
360,1.3409451701000008
361,1.0201151245000004
362,0.8909882319500001
363,1.2055466443000016
364,0.94713538725
365,0.8658723623499996
366,1.0777355049500017
367,0.7853703162500005
368,0.5647808967900001
369,0.6192369733499998
370,0.583943542575
371,0.5189593033907142
372,0.23756922362797628
373,0.20418855373071432
374,0.19207857578571427
375,0.18962946753500007
376,0.19028551238750002
377,0.18744828315571432
378,0.15351073121999986
379,0.15447058287999987
380,0.15860486532499982
381,0.14085501395999994
382,0.13708375959999997
383,0.13452770171299996
384,0.1313549379824118
385,0.13056768280741182
386,0.13366824806800004
387,1.3746803635000007
388,1.2996743968499995
389,1.2032891264999994
390,1.366929407300001
391,1.3089855176000003
392,1.2236487395499998
393,1.2366697322500004
394,0.963593427699999
395,0.6104126596428565
396,0.5492678022428565
397,0.5396314663428565
398,0.48942480979285674
399,0.30796647789999987
400,0.3020340331999999
401,0.28432390155
402,0.2946697464
403,0.29430554294999994
404,0.28452307135
405,0.12103746451500001
406,0.12277481217500004
407,0.13436868708833338
408,0.07907300519499999
409,0.0749693438225893
410,0.07331721139723214
411,0.05676642508452377
412,0.05591729124502379
413,0.069735635563
414,0.568689944025
415,0.551542635075
416,0.5403178224833334
417,0.5768213933049089
418,0.5503451037997954
419,0.5136075181006287
420,0.3761598770250003
421,0.34160182147083334
422,0.3403027758990477
423,0.3801613768811906
424,0.3578995700686906
425,0.33577204058952403
426,0.27881565807166675
427,0.24108682640666668
428,0.13350481318463775
429,0.1276730005683283
430,0.12723670300332826
431,0.1291764316963045
432,0.06392434083499994
433,0.06225124490999993
434,0.061085620219999956
435,0.05382252057669643
436,0.052312379066696425
437,0.05299628288317262
438,0.05300818282502978
439,0.0514112716788393
440,0.05968972585883927
441,0.29285634821000023
442,0.24574162142333317
443,0.2182286036883333
444,0.2885698944100002
445,0.24288319982333306
446,0.2235747718883333
447,0.27774208051000016
448,0.25807764985999987
449,0.24534599961500014
450,0.28662297439999995
451,0.26403553046
452,0.22890088002000017
453,0.12714857623499998
454,0.11949818281000006
455,0.11595013535000005
456,0.1330785246333333
457,0.12743737508833333
458,0.11718334901500004
459,0.10994001861308753
460,0.11359560691646055
461,0.11566587103142853
462,0.07907357930696535
463,0.07747656983196534
464,0.07464509755673807
465,0.050320189841692106
466,0.04968139818442939
467,0.053160034260571434
468,0.42613711018828104
469,0.36691520582893244
470,0.3352771417644086
471,0.43583572313393937
472,0.3699565136020655
473,0.34381046817804484
474,0.37634836277005923
475,0.32880961756889754
476,0.24957862015454935
477,0.30232925055346954
478,0.2736163865680876
479,0.2371276967262662
480,0.13861106728466402
481,0.1179691390854259
482,0.10717875517377984
483,0.16170532395175855
484,0.1470668120138016
485,0.10940380501961318
486,0.10056942238569044
487,0.10041032943069048
488,0.10866801871069046
489,0.05046640191270004
490,0.0495134631049949
491,0.0493082493381338
492,0.04454477547121725
493,0.04363266418440772
494,0.04964621090778469
495,0.49707438028853335
496,0.46221460686940646
497,0.45215311052185053
498,0.3761430502323265
499,0.35522642476962757
500,0.34571242590846685
501,0.32446732172708354
502,0.28205026092086505
503,0.2637716209316304
504,0.3090874660631726
505,0.29570508009317265
506,0.2705821751526369
507,0.18938915345674842
508,0.16373346370269817
509,0.09806006209142966
510,0.1040539257377044
511,0.09619245788185828
512,0.0970856834149773
513,0.09179518805425442
514,0.09177027327425441
515,0.09034586904250003
516,0.06398935133209528
517,0.06307513053821705
518,0.062479485754796
519,0.041698270875093674
520,0.04107282955468892
521,0.0440485788362219
522,0.7511888587350007
523,0.5451413416640154
524,0.32681467968
525,0.971534979489881
526,0.5722195372549679
527,0.3298864399998863
528,0.5448697236000001
529,0.3726036733578676
530,0.22301725601791278
531,0.24942954204117596
532,0.23325541162465502
533,0.1909849867688218
534,0.10728457328839289
535,0.09436869456839285
536,0.08877944360826305
537,0.10918909159436373
538,0.0980686915200131
539,0.088019010994513
540,0.13324660705928568
541,0.13462797771928572
542,0.1439217840167858
543,0.11029998216574992
544,0.10727501547158327
545,0.1043449473565833
546,0.06956465996700002
547,0.07075425795000002
548,0.08295579237500003
549,0.7558615519101138
550,0.7554764815101136
551,0.7411487466101134
552,0.7498027232401135
553,0.7528665981287495
554,0.71107096806
555,0.5711969220600004
556,0.5097218558000002
557,0.4377938155925001
558,0.4455338367985561
559,0.44053211189855623
560,0.42669041923202394
561,0.317105731731288
562,0.28383373243545473
563,0.19161106807333322
564,0.18108076880727272
565,0.18587193719727269
566,0.18877527919893933
567,0.06986487506116665
568,0.06962220970741663
569,0.0722655109424166
570,0.05192298582147723
571,0.052359261202727214
572,0.05308594200999996
573,0.04748363201147725
574,0.05034573636272725
575,0.05865748735499996
576,0.3308411366607143
577,0.32204379241071446
578,0.3131926595107148
579,0.3132313786419643
580,0.30804807584196436
581,0.2970172470669644
582,0.29496251492500003
583,0.25331253579500007
584,0.20222584321000003
585,0.22038323823000014
586,0.2097929093300001
587,0.1987255598600001
588,0.1308599623950001
589,0.09387772073833334
590,0.07866526232833336
591,0.07466041171000004
592,0.07660486722000005
593,0.07627368022000004
594,0.12963904308099994
595,0.1332351232249999
596,0.13792346994454538
597,0.10568191643454541
598,0.1041539097545454
599,0.09589980881739994
600,0.07655765912583325
601,0.08323375530323326
602,0.09303634121489995
603,0.8359971361741659
604,0.7307609070241664
605,0.6474667307991661
606,0.8415937997833756
607,0.7124443140641666
608,0.602860287449166
609,0.617655396921081
610,0.5686177659833337
611,0.4317203813900001
612,0.411179398724328
613,0.39563232694324696
614,0.3632674388118181
615,0.20807103799045443
616,0.19280681684668122
617,0.17574048319083338
618,0.17936730321785718
619,0.17760644198833345
620,0.17295960386083345
621,0.15649642037500014
622,0.1553370304500001
623,0.1534659427350001
624,0.14440856360750012
625,0.1379461213775001
626,0.13623577830854167
627,0.12889573534833332
628,0.12793916857499993
629,0.12921676334999993
630,2.2488036079999993
631,1.2968986385000014
632,1.1715441140000014
633,2.084664750333333
634,1.2308803783500009
635,1.1384900689500008
636,1.8562230328499991
637,1.07227329105
638,0.6379199908250002
639,0.9203133329321426
640,0.739809070532143
641,0.565841424707143
642,0.24188146601848476
643,0.23783370555140146
644,0.17869220880681827
645,0.25079474098884613
646,0.19649286497681825
647,0.18288184781681827
648,0.09702208481848419
649,0.0972960597784842
650,0.10816311044698415
651,0.0693223333675
652,0.06799192235749998
653,0.0654245769408333
654,0.05779325531410909
655,0.05778083657313687
656,0.06627418612055552
657,0.44447924175717907
658,0.4448438961357507
659,0.41716483375566804
660,0.3956864656143525
661,0.39363673684797895
662,0.3620111800215308
663,0.31595731224161994
664,0.27822661720912484
665,0.23093288023242795
666,0.24809215634764367
667,0.2485479418713279
668,0.2352451172191259
669,0.17885620794959586
670,0.15960200104573422
671,0.14254105654138885
672,0.14196213938347216
673,0.14113389983347222
674,0.14124885910595844
675,0.1903895289716667
676,0.1927455511966667
677,0.19309392744499998
678,0.18985291066023813
679,0.19233500781166668
680,0.19053366642500005
681,0.16340005717999997
682,0.17074172806999993
683,0.17256095817999995
684,1.8840169331500005
685,1.118350354675
686,1.0074548634750005
687,1.7392026648333339
688,1.0695695494250008
689,0.9580572314750007
690,1.500516816276191
691,0.9037889879750004
692,0.6947154240499996
693,0.8409044619511912
694,0.7250663881369054
695,0.6062096154583336
696,0.3230743079889286
697,0.2955527070439286
698,0.2878158574007142
699,0.3492818800357144
700,0.3060723388214285
701,0.2773660055307142
702,0.11265262546125009
703,0.11129156978125002
704,0.10958877031124999
705,0.07318389679918572
706,0.07153151830582309
707,0.06978356622582313
708,0.05754203320186727
709,0.05805550351367129
710,0.061013496804385614
711,0.9156021666130952
712,0.5935309045925592
713,0.39472769183568185
714,0.8573698855276787
715,0.5483058778326457
716,0.381060650665682
717,0.5393261081130951
718,0.41742433526724854
719,0.28467244722833346
720,0.4095439814281866
721,0.33361461624516475
722,0.23022402894648675
723,0.10940659257749674
724,0.10089741981543832
725,0.09550735800689283
726,0.13600428990462313
727,0.11411693623815843
728,0.09638489994515037
729,0.1796508548550001
730,0.18567294177500002
731,0.20658839367500015
732,0.18393781755500005
733,0.18542597739999997
734,0.17794601692500003
735,0.16716674792
736,0.16713682075999994
737,0.17704707193499997
738,0.8155258344932141
739,0.8064399309432139
740,0.7845554958074998
741,0.7915889325932143
742,0.7855027597324998
743,0.7628984526325001
744,0.7173773707500005
745,0.7506280354600005
746,0.7067374585349998
747,0.6876678185833334
748,0.6733730852833334
749,0.6550119317833331
750,0.4856041891499998
751,0.44707781629999993
752,0.43823437439999985
753,0.49126482557500006
754,0.47594502032499997
755,0.43876885145000005
756,0.19161343796000005
757,0.196807111145
758,0.23146110729500008
759,0.18269197549888894
760,0.18279706850888888
761,0.15385352259138885
762,0.10673589250909724
763,0.10671464610722221
764,0.1438216983150001
765,1.5440071912250004
766,1.4803839837250004
767,1.4507933804250004
768,1.4218777403250007
769,1.3308013559750007
770,1.3066187791000003
771,1.1534607400000008
772,0.9756324846046438
773,0.8131461181849999
774,0.7872199246529757
775,0.7653407361779759
776,0.747686248924999
777,0.43107407171901824
778,0.36140997682573983
779,0.2548497450735989
780,0.22388379680069445
781,0.23187567971515877
782,0.23992350692904757
783,0.08938725866920054
784,0.09015331707734447
785,0.08762471269858069
786,0.06127737128445836
787,0.06233212100189701
788,0.06065894292356368
789,0.04704054459328567
790,0.04748237974399996
791,0.048686773994666616
792,0.3677329225806772
793,0.2785864432249744
794,0.24350214317466584
795,0.33750834429472854
796,0.2631541167476221
797,0.2269831081082003
798,0.29486578004810454
799,0.2291572861407472
800,0.17690306032424227
801,0.22026380734706433
802,0.1935736079038642
803,0.16281452236487934
804,0.09898657253851016
805,0.09415819368357611
806,0.09565918236749278
807,0.13642023701831016
808,0.10326935679346069
809,0.09662927198432612
810,0.10935151823099998
811,0.10941656806599999
812,0.114173677435
813,0.07108124225681815
814,0.07032796048950983
815,0.06960858036950983
816,0.05784467538348489
817,0.057976003862843184
818,0.06955650896000004
819,0.5928957559531818
820,0.5893093022853246
821,0.5856587038019914
822,0.47459712550984856
823,0.4736736968848485
824,0.47029511677666674
825,0.43627940439999996
826,0.38790743650000015
827,0.3274785352
828,0.33579757965000007
829,0.3288585421750001
830,0.31181640142000006
831,0.20482673676797986
832,0.16381532915066666
833,0.11937871992700001
834,0.11327085786383334
835,0.11331126613866668
836,0.11434870210866674
837,0.12581656435500008
838,0.12662874127500007
839,0.13032406407500002
840,0.11940265114500015
841,0.11626770238166678
842,0.11654114665166679
843,0.10730977739750007
844,0.10522018883750008
845,0.1089755024875001
846,2.0819050391999996
847,1.2742660654500002
848,1.0696096352500002
849,1.9645557484000002
850,1.21054390475
851,1.0628656101500003
852,1.6246017969000004
853,0.7966266448550006
854,0.46180952637500006
855,0.5106355797150003
856,0.44827352804710535
857,0.35863466177
858,0.20863037517833338
859,0.20036726094861124
860,0.20097652526111123
861,0.24468355965333338
862,0.21774796949020211
863,0.20379302588611126
864,0.11414207144987687
865,0.11492741305654358
866,0.11902190891345267
867,0.07661327848791165
868,0.07309809181724497
869,0.068384379979145
870,0.05316394999642602
871,0.052950955880152195
872,0.055869738906080796
873,0.5647584296092494
874,0.44949329210810984
875,0.3530454691616103
876,0.5669266255332441
877,0.43008714605449955
878,0.3467126755801332
879,0.48535699146371436
880,0.37083110892376453
881,0.27488448353024747
882,0.34136726797804967
883,0.2931748469394833
884,0.239440656055662
885,0.14247146635860874
886,0.11872734910287859
887,0.10788803234656064
888,0.17296219508496868
889,0.15698042284700833
890,0.10767412539171631
891,0.15152941428999997
892,0.1506490311279166
893,0.1587453508116666
894,0.13768176832499995
895,0.1345117283116666
896,0.13232553603166664
897,0.09495726274000002
898,0.09500130192500005
899,0.10361167833
900,0.7454480683515142
901,0.7239727562815145
902,0.7102972613265144
903,0.744795143349014
904,0.7235601261801505
905,0.6753228795846706
906,0.6283029844692856
907,0.5695222941242859
908,0.494754607836111
909,0.5057360677027778
910,0.486001323602778
911,0.4608121372642857
912,0.2860885158267857
913,0.2733444420780556
914,0.2711556143592151
915,0.2995589091369927
916,0.279674297259215
917,0.27158972745921506
918,0.23986368369000033
919,0.23672642334000038
920,0.25759677274102605
921,0.23826696615145873
922,0.2240646100658176
923,0.15255802854000003
924,0.130316124597619
925,0.12757650826761904
926,0.15888626656500007
927,2.8941699428000005
928,1.5820632973999995
929,1.4491886646
930,2.908657330150001
931,1.6618464510999984
932,1.4984445731000011
933,2.24330332045
934,1.1905086051500005
935,0.8925257394999996
936,1.121186582083333
937,0.889070263333333
938,0.8179079064833331
939,0.4880706361000006
940,0.40401153904000003
941,0.261061043075
942,0.2910624133250001
943,0.258887388425
944,0.25496430097499984
945,0.15675347829142866
946,0.16356062945642869
947,0.18482015148642844
948,0.10783903415
949,0.10171304186750002
950,0.1000284524325
951,0.07515619505937499
952,0.08081879104749998
953,0.09854991564499987
954,1.0373689247134616
955,0.9672277375009615
956,0.810285293765
957,1.1879910417140942
958,1.054104319421594
959,0.8117101294783337
960,0.7473601155972217
961,0.6850633800499999
962,0.5626696568499997
963,0.5831208388249995
964,0.5622780971249999
965,0.5147184559583333
966,0.2837912617885715
967,0.24558584398583339
968,0.1741553301463888
969,0.17575094523092347
970,0.17603693377967342
971,0.1758670622347726
972,0.2828498414857141
973,0.2783410854857142
974,0.29965152757321417
975,0.295732019485714
976,0.28268946007380935
977,0.21703483964999987
978,0.20355404545499986
979,0.20107257790999988
980,0.21699984069999978
981,4.048000772616664
982,2.915941499849998
983,2.4745268250363632
984,3.4999851999530294
985,2.628197961386363
986,2.0887785337833322
987,2.528556418650001
988,1.7233300118833321
989,1.2885827462277784
990,1.5269441236499994
991,1.290139273027778
992,1.1833747782277777
993,0.5194491090148119
994,0.4969330287039784
995,0.48468345758433556
996,0.5330469563866069
997,0.5045689571193449
998,0.4944260080785617
999,0.21643629420000005
1000,0.21633611730000005
1001,0.24893899285000015
1002,0.2356285108400002
1003,0.22583901689000022
1004,0.16480766305571437
1005,0.15707503539166665
1006,0.1537127289316667
1007,0.19895047885
1008,1.8309438836999998
1009,1.7984581914999995
1010,1.7363294377999992
1011,1.6215925107999996
1012,1.5690252542899998
1013,1.4657815439899997
1014,1.2159454529999996
1015,1.0575498256500002
1016,1.07774597135
1017,1.0217266810000003
1018,0.9728226946249996
1019,0.9507894108749998
1020,0.6276454554416669
1021,0.518716355094048
1022,0.46122865864265905
1023,0.4525547319259925
1024,0.44911491452599234
1025,0.45105433444265897
1026,0.12075871595583339
1027,0.1246017181233333
1028,0.12948709273833325
1029,0.0827633085725
1030,0.079245683035
1031,0.07808775788739998
1032,0.05945672998617643
1033,0.06321865838499997
1034,0.07324741319240001
1035,0.7223197857156255
1036,0.6347030531281246
1037,0.5385190028874994
1038,0.8148773932518821
1039,0.6476313880670134
1040,0.5319024040388887
1041,0.48087176665000003
1042,0.45437780870892874
1043,0.32572592242969806
1044,0.33577869554277795
1045,0.32520825464277814
1046,0.31405430196250017
1047,0.1823580349474242
1048,0.14995490919242424
1049,0.14927342464791657
1050,0.1593513749950543
1051,0.156918858789221
1052,0.1522835366029166
1053,0.11892059122083332
1054,0.11893903003583331
1055,0.12293097798583329
1056,0.06718507331199994
1057,0.06367158210099996
1058,0.06404833394199996
1059,0.05707729639449998
1060,0.057152984123999995
1061,0.069429644285
1062,0.5715645032792208
1063,0.5310537652491018
1064,0.5076635606866018
1065,0.4066514421450003
1066,0.39457631708666696
1067,0.3644341340725002
1068,0.34312088539166696
1069,0.34672228914640135
1070,0.3440170858941397
1071,0.37300391614198675
1072,0.3629195244919867
1073,0.32975880112130485
1074,0.2256306963796431
1075,0.14740180120515156
1076,0.1228611955568182
1077,0.11775277346848492
1078,0.11869177152848492
1079,0.12156687145666673
1080,0.1239957219733333
1081,0.130365182895
1082,0.1366131171699999
1083,0.06008684377850887
1084,0.058382388108842206
1085,0.05757974661524224
1086,0.049732452471571396
1087,0.051110578536904726
1088,0.0661325856574
1089,0.6113817697513979
1090,0.548926760676195
1091,0.45416445178648984
1092,0.4578487439302382
1093,0.4357262568877379
1094,0.3576675441435715
1095,0.3617463101235714
1096,0.33651655107186523
1097,0.3096624174030458
1098,0.3514676732918795
1099,0.3196952311551336
1100,0.299067325976379
1101,0.14396256004499997
1102,0.138141407812
1103,0.13338654826925
1104,0.13210359097004162
1105,0.13381060180295823
1106,0.13206983299424999
1107,0.11631208874414285
1108,0.1168043289491428
1109,0.12098694872999988
1110,0.08643983663899996
1111,0.08511189533399996
1112,0.08293743313649996
1113,0.06278042019999998
1114,0.06263840104500001
1115,0.07184175885000005
1116,0.6937584707566667
1117,0.6667220394066667
1118,0.6587009608066667
1119,0.729112923501212
1120,0.7141080265012121
1121,0.6962746506088311
1122,0.5404378873592858
1123,0.4896829811875811
1124,0.33459033845226394
1125,0.3083303261015154
1126,0.3021329146015154
1127,0.2722696172800003
1128,0.2358193853775
1129,0.22685921814749999
1130,0.11474112659999999
1131,0.11218629676333336
1132,0.1126140559183333
1133,0.11349264305333331
1134,0.11650358524000001
1135,0.11980062423750004
1136,0.12757860532249995
1137,0.06260633576583335
1138,0.05989151985583334
1139,0.058455263155833354
1140,0.04801514210250001
1141,0.047952890522500013
1142,0.057930104762500004
1143,0.784306852078163
1144,0.636232395749028
1145,0.5308465179823928
1146,0.6747177090977776
1147,0.5657452954473935
1148,0.46432801824461545
1149,0.46353875491499996
1150,0.36317024552294874
1151,0.32911282380107143
1152,0.38204377867023803
1153,0.3546150888327382
1154,0.3261865410458335
1155,0.2150579704050001
1156,0.1823359686388235
1157,0.12803411256428573
1158,0.12813180113083322
1159,0.12857627802583324
1160,0.12631174491624994
1161,0.11389592209166667
1162,0.11539819792666667
1163,0.12247566633166668
1164,0.05106028301869445
1165,0.051081637038694436
1166,0.050963704496194445
1167,0.048038690287166654
1168,0.04808265540916663
1169,0.05767362493299997
1170,0.43906866759999963
1171,0.41808099226833323
1172,0.3606770654100002
1173,0.3356867869533335
1174,0.32249173219500016
1175,0.3024611816700002
1176,0.30258693574833356
1177,0.2864663150383333
1178,0.24380779007833336
1179,0.26587073391769805
1180,0.260733070327698
1181,0.24233256767382183
1182,0.18415887476029638
1183,0.15652636449662596
1184,0.11005677865818181
1185,0.11724554712262501
1186,0.11595445300699997
1187,0.10959687191318176
1188,0.06741235871499995
1189,0.06607156780999995
1190,0.061986111529999936
1191,0.05368396157874995
1192,0.05391523195749994
1193,0.05449136273749995
1194,0.052962994059583296
1195,0.05320559285499993
1196,0.055112159954999934
1197,0.3426750341807898
1198,0.31109413355007554
1199,0.28239493838333307
1200,0.3391469418263256
1201,0.30785820218424215
1202,0.28173174499999976
1203,0.32737045535549236
1204,0.2720943790359089
1205,0.20797975157999996
1206,0.26101001550999986
1207,0.2143816126799999
1208,0.18540998481399992
1209,0.10465732980589744
1210,0.09708973148099996
1211,0.09262763669499999
1212,0.10330194899297725
1213,0.0966515264023106
1214,0.091842563145
1215,0.13024327773500005
1216,0.13150874917000002
1217,0.13720935364500006
1218,0.08589360361750006
1219,0.0792928089175
1220,0.07737054581999997
1221,0.06883188328416667
1222,0.0680772560575
1223,0.08144152218250003
1224,1.3877003726500003
1225,1.0886061776166662
1226,0.9496373087333329
1227,1.2302742546000007
1228,1.004608027008334
1229,0.8979234308249997
1230,1.0493569548000006
1231,0.6657947512066665
1232,0.35401718625055556
1233,0.4305183387705555
1234,0.37851006514055563
1235,0.3302939926816667
1236,0.22103832015126065
1237,0.16726909521541664
1238,0.15642204675875004
1239,0.17240581275571423
1240,0.16699611023375002
1241,0.15862252963875006
1242,0.22518172038499995
1243,0.22498630939999997
1244,0.26281773887500004
1245,0.2400775059213493
1246,0.2314365536363493
1247,0.16554416064253982
1248,0.12717091668449412
1249,0.12447238586163696
1250,0.16238022989187503
1251,1.1296120608250004
1252,1.0843898214250007
1253,1.070906972975001
1254,0.9824457716574997
1255,0.9473410436825003
1256,0.9227822261325004
1257,0.7838606994225004
1258,0.7769857261145645
1259,0.8080704099815879
1260,0.7845301929600005
1261,0.7364219372719047
1262,0.7216578487385711
1263,0.5218869083919113
1264,0.4299077256869115
1265,0.2616419105636274
1266,0.2563430238319047
1267,0.25081344998190475
1268,0.25826077336719877
1269,0.15711267704999995
1270,0.15586638683499993
1271,0.15608702926833326
1272,0.13540162460166677
1273,0.13025657284000003
1274,0.12605351286833336
1275,0.08510095209249996
1276,0.08465722150250002
1277,0.08657626780500001
1278,0.9490264335500004
1279,0.616925841060516
1280,0.38236870136250006
1281,0.9786853569500006
1282,0.6273313795110823
1283,0.38404126985208337
1284,0.9096472998100008
1285,0.5033410105741009
1286,0.380395845884298
1287,0.47234273804666677
1288,0.38973926133666614
1289,0.3448074944199999
1290,0.16959579825011914
1291,0.15501396129902195
1292,0.1535529161184863
1293,0.2613900785775002
1294,0.24389310117297625
1295,0.16145263381070854
1296,0.10065155678208336
1297,0.10523421089708332
1298,0.10813058053541658
1299,0.04440320362349324
1300,0.04447128134483253
1301,0.044687341911461294
1302,0.040909991759758915
1303,0.04137413331892557
1304,0.04848719237416665
1305,0.3563402318652067
1306,0.31373699189296245
1307,0.28001755518255966
1308,0.2741691401035832
1309,0.273732653797373
1310,0.23830471445885756
1311,0.22620886252181374
1312,0.21042591710203193
1313,0.19472674478027785
1314,0.23206279790662288
1315,0.23120522931909285
1316,0.21398926958089987
1317,0.1253718187044643
1318,0.09836702276383341
1319,0.08324442823375003
1320,0.08914905284083327
1321,0.0866439488597222
1322,0.08203638828597226
1323,0.11543211203522591
1324,0.1186048430471764
1325,0.11985754489993829
1326,0.09079077295042902
1327,0.09162765994585763
1328,0.08926635821498044
1329,0.06073625268873626
1330,0.06138980153895848
1331,0.06438924511038889
1332,0.6364611341729952
1333,0.486993131420384
1334,0.3590827317727737
1335,0.6592097023895863
1336,0.5024741477614966
1337,0.37188870424266
1338,0.5429378463029644
1339,0.41187926248251555
1340,0.27202693467565675
1341,0.30896217265047415
1342,0.2836968678675234
1343,0.25593398358821423
1344,0.13063802980149725
1345,0.10910916567551585
1346,0.11018509014617064
1347,0.17905565377152627
1348,0.1571049822801415
1349,0.11296432838283733
1350,0.12342202858497611
1351,0.12671373388497614
1352,0.13742949947283326
1353,0.08494475705885715
1354,0.08008552220535715
1355,0.07948738555285713
1356,0.05730353707308328
1357,0.05800019257133331
1358,0.07189832129499996
1359,0.5546638050900006
1360,0.5523236249175005
1361,0.5477043836675005
1362,0.6439265980009088
1363,0.6313699932950757
1364,0.5860961077126012
1365,0.4008990637583335
1366,0.3729793174380304
1367,0.3539684532149746
1368,0.3584081963470237
1369,0.35430749068452394
1370,0.33909266770257973
1371,0.2663219738166667
1372,0.24983453241222217
1373,0.1401108204271429
1374,0.13193258763625013
1375,0.13478792455422633
1376,0.1380645659479763
1377,0.11283194870666671
1378,0.11221614557666677
1379,0.11076986257320083
1380,0.09980580004546696
1381,0.09850328473075541
1382,0.09975343355242196
1383,0.08905983840024952
1384,0.09023281299066613
1385,0.09644654236713354
1386,0.5516019849358418
1387,0.49358360102999627
1388,0.4257515355501634
1389,0.5154556233272051
1390,0.46343507939053863
1391,0.40637894474208863
1392,0.4795824622072473
1393,0.44695605498024527
1394,0.3388141828255635
1395,0.39703041329093436
1396,0.35752590198653583
1397,0.30210076893026033
1398,0.1712799488484613
1399,0.16358355820024242
1400,0.1592138743149925
1401,0.21647465220595236
1402,0.20354142035619038
1403,0.16456655349332586
1404,0.10080041907082897
1405,0.10103614550082896
1406,0.11217841404782897
1407,0.056020548772059565
1408,0.05397751140830956
1409,0.05364793570030955
1410,0.04608399296555043
1411,0.04523574009955042
1412,0.055821591834800406
1413,0.4094950817669221
1414,0.4049151521846074
1415,0.3922627283202303
1416,0.34242310804870985
1417,0.3340114141567294
1418,0.3155181723649266
1419,0.2570447616642827
1420,0.23820016091703666
1421,0.21466520332127942
1422,0.25702501757007384
1423,0.24953635105630578
1424,0.23572131245126746
1425,0.18590426435875013
1426,0.14896037534958328
1427,0.10891383139383332
1428,0.11079562846633331
1429,0.10645486993633332
1430,0.10707665049183335
1431,0.18851468002499988
1432,0.18986881608999984
1433,0.20717358388499987
1434,0.18058058187499992
1435,0.17611513389999991
1436,0.14217657250666657
1437,0.10964711206700002
1438,0.11056572927975004
1439,0.14979766736975
1440,1.3574420597500003
1441,1.2595302995
1442,1.1246439733
1443,1.3159951797500002
1444,1.2618101404000006
1445,1.0646405440500002
1446,1.0204686006499997
1447,0.8185142694678571
1448,0.604684946195
1449,0.5995167323099999
1450,0.5822888442099998
1451,0.5377471392974998
1452,0.31250171129800886
1453,0.2914948176309209
1454,0.21446107410857157
1455,0.2055016941650001
1456,0.20614585496357155
1457,0.21115167271857152
1458,0.07249721098299997
1459,0.06937505011799994
1460,0.06474668878299993
1461,0.060512598420916615
1462,0.05852271086008326
1463,0.05877542602716657
1464,0.059123100816825695
1465,0.05717768386182567
1466,0.059099919628908974
1467,0.37229447572999985
1468,0.3123577824869047
1469,0.2873766457660713
1470,0.36440029691470577
1471,0.3067600077473215
1472,0.28081900945
1473,0.35156419816666656
1474,0.29719628333958326
1475,0.22024209183722218
1476,0.2976596135821428
1477,0.2536389549919693
1478,0.19796984196712797
1479,0.13096647265458777
1480,0.1028650802864881
1481,0.09487537936645939
1482,0.11824812593932135
1483,0.10858630332072526
1484,0.0944734261122927
1485,0.11898193424
1486,0.11901673289999999
1487,0.127679060795
1488,0.073948130495
1489,0.069563718985
1490,0.067335601449
1491,0.06493956857
1492,0.06519080081
1493,0.07156763386000001
1494,0.44563917626500016
1495,0.43920054541000025
1496,0.4368773242600001
1497,0.37511193884837446
1498,0.37184317939837447
1499,0.3651102586983746
1500,0.3461170264443336
1501,0.3230939069435001
1502,0.3032105793254168
1503,0.30125514107755963
1504,0.29598443420255965
1505,0.2934852096754167
1506,0.23648687646880961
1507,0.15746616572142857
1508,0.14066636868
1509,0.13722337105500002
1510,0.13456100392999998
1511,0.13739876281999996
1512,0.08249247114224997
1513,0.08302478374224999
1514,0.08853061864725
1515,0.059643269474876845
1516,0.05632317847721018
1517,0.05351652315804352
1518,0.04527606262660367
1519,0.044799874257544274
1520,0.053380145683431385
1521,0.4167538346166662
1522,0.38401193914666615
1523,0.3187666593766666
1524,0.3823709324045199
1525,0.36515184433531345
1526,0.3030547463533772
1527,0.26974095903338297
1528,0.2520018933713142
1529,0.20404955764706728
1530,0.24968892734148673
1531,0.23691747890122966
1532,0.21024235926340867
1533,0.14216435806968464
1534,0.12138943781183828
1535,0.11186025391209783
1536,0.11468621434034754
1537,0.10976535121534764
1538,0.09960193005209789
1539,0.12114804246000005
1540,0.12205757961500005
1541,0.13399066687666666
1542,0.10617160598764709
1543,0.10415121805764707
1544,0.1025870772609804
1545,0.0865138341393333
1546,0.08691595597433333
1547,0.09032326420849998
1548,0.5842233380704762
1549,0.5825470072954763
1550,0.5616737446279765
1551,0.55101835412213
1552,0.5493317477471298
1553,0.5248360108796297
1554,0.46620812013608115
1555,0.4492892071305252
1556,0.4047548385377475
1557,0.3381467424570656
1558,0.33679380045706564
1559,0.3193856647870959
1560,0.2456133259883334
1561,0.22364639026130043
1562,0.21580164710705801
1563,0.220130623167058
1564,0.21776300484205804
1565,0.2189851925920581
1566,0.077138395125
1567,0.07564223990999998
1568,0.07695806132499997
1569,0.0654558593510096
1570,0.06321452560386673
1571,0.06384858086003557
1572,0.05963845991176589
1573,0.059201756745337314
1574,0.06939154932956348
1575,0.40028021802753144
1576,0.3621783918782204
1577,0.3431357529690137
1578,0.3557789563053182
1579,0.3207682470810769
1580,0.3008319157587806
1581,0.32600463937458585
1582,0.29431244555349656
1583,0.24802806035086555
1584,0.2781786759381149
1585,0.2595788839881548
1586,0.2374200153659541
1587,0.17164031292522153
1588,0.15283859844222927
1589,0.13655747032831342
1590,0.1451193361563809
1591,0.1338087174248134
1592,0.13338607501224198
1593,0.12326167690839944
1594,0.12264719593006611
1595,0.12441982013965207
1596,0.11442762204559212
1597,0.11309441923025877
1598,0.11022607452692541
1599,0.09911442718559205
1600,0.10017207708059202
1601,0.10064626821559203
1602,0.958378192665278
1603,0.6082835570589449
1604,0.4716265122687679
1605,0.9322163472826392
1606,0.5938057392300015
1607,0.4603191406567224
1608,0.6699212503109845
1609,0.497012210256689
1610,0.35425396494583355
1611,0.42508666599998035
1612,0.3404199399847226
1613,0.27659434217438983
1614,0.14968238647160376
1615,0.14054874243039858
1616,0.13982056404946427
1617,0.2075121169518832
1618,0.1856872002614286
1619,0.14116526962335318
1620,0.12416848640437497
1621,0.12132771119937495
1622,0.12108698734437487
1623,0.06967842609250002
1624,0.06723520361874999
1625,0.06611033221874997
1626,0.05858521764624996
1627,0.05724941954624995
1628,0.066646989405
1629,0.7645372956724996
1630,0.6043018636138001
1631,0.4763969505943359
1632,0.6549780282874995
1633,0.5422356020015277
1634,0.42685061142622976
1635,0.5304055461499998
1636,0.4002792728361813
1637,0.3470915472809235
1638,0.41982915190727255
1639,0.36369448659997095
1640,0.3270195278771733
1641,0.19606809382088217
1642,0.18085111913212287
1643,0.12040674274
1644,0.13580684770000012
1645,0.12299546407166675
1646,0.12069360746166671
1647,0.11982157178358735
1648,0.12124570485358734
1649,0.1314456548085714
1650,0.10278510695583334
1651,0.09878078860944446
1652,0.09548787739833337
1653,0.06822399515374998
1654,0.06961751628241922
1655,0.07771674218589282
1656,0.5116485238277868
1657,0.46954097276917567
1658,0.4263937640516755
1659,0.5026610080719535
1660,0.4550913636383421
1661,0.40889568958362
1662,0.4128992519399998
1663,0.37035065403518513
1664,0.35682762691547637
1665,0.33756932712499976
1666,0.32850434107499976
1667,0.3102451855336109
1668,0.19961695297476192
1669,0.17202230888642855
1670,0.16381969012750003
1671,0.19505657385915168
1672,0.1834646345574851
1673,0.16804971800650004
1674,0.17691405586428582
1675,0.1774083235142858
1676,0.18726686464928574
1677,0.13731257007064948
1678,0.1332907889306495
1679,0.1267648931130359
1680,0.10371943527283344
1681,0.10296550080283348
1682,0.11496556735500012
1683,1.5042628043077786
1684,1.3181363484411113
1685,1.2308142438744445
1686,1.496055596091112
1687,1.2739289971244443
1688,1.1883420988744442
1689,1.1443536206777782
1690,0.9030007266777781
1691,0.6493538620428576
1692,0.6236031212238096
1693,0.6125748824488094
1694,0.5830152555821431
1695,0.3269276675110841
1696,0.3133065333439287
1697,0.23323924826630957
1698,0.21100659594130966
1699,0.206980648294643
1700,0.20585803214464302
1701,0.13166127181999993
1702,0.13511182913999994
1703,0.1421121358250001
1704,0.11725670386500003
1705,0.11841530937750003
1706,0.1311363978025
1707,0.12235070892499995
1708,0.12249457748249995
1709,0.1291253526925
1710,0.5624813993678797
1711,0.5192751823884748
1712,0.4709308768314235
1713,0.5371888859273243
1714,0.49410298730565727
1715,0.4613212545608282
1716,0.4962600207416613
1717,0.4506483884035717
1718,0.3643699774929166
1719,0.3325354971363097
1720,0.3260741480160318
1721,0.31449063346166684
1722,0.24152531210305572
1723,0.22393827765055574
1724,0.22119651818132488
1725,0.2700031805863249
1726,0.24236955608262123
1727,0.22161959623132488
1728,0.11884171299500791
1729,0.11949254094000797
1730,0.12872666528089002
1731,0.06791185883056886
1732,0.06740782927773549
1733,0.06515393278855366
1734,0.0536832737607049
1735,0.053620207170692984
1736,0.060069072710972185
1737,0.7344988746676988
1738,0.6503042288493022
1739,0.5889271126000957
1740,0.7085095636564361
1741,0.6452268662829005
1742,0.5861347363669719
1743,0.5445285130927977
1744,0.46937482056461577
1745,0.3371405666528027
1746,0.36623737779194676
1747,0.3444766869342879
1748,0.3090433356215788
1749,0.20682812184473612
1750,0.17836283868230896
1751,0.13250178054712874
1752,0.12459631838844512
1753,0.12530082899638456
1754,0.12470223674775918
1755,0.2525182795500001
1756,0.2505696078500002
1757,0.3097614791900001
1758,0.30954254738863785
1759,0.288665342361875
1760,0.1598894091349999
1761,0.13249568133166675
1762,0.12763815241166665
1763,0.18251809741999994
1764,2.5985031343499996
1765,1.8155608596000006
1766,1.6596071432333332
1767,2.594495157013637
1768,1.8949786677969704
1769,1.6914983500469685
1770,1.9114183639136366
1771,1.321762515149999
1772,1.0007400566399998
1773,1.0830024234500002
1774,0.9714062660499998
1775,0.9442201433499998
1776,0.6295282322999997
1777,0.4959080920500004
1778,0.44081913121516886
1779,0.4462493243898653
1780,0.42522164938104184
1781,0.4247388054310419
1782,0.1601757959750001
1783,0.1613267493000001
1784,0.16621877383000008
1785,0.13203164882886367
1786,0.1268981840988637
1787,0.11385610436875002
1788,0.08634315402833334
1789,0.08738091360833339
1790,0.10152171427499994
1791,1.3997914028300003
1792,1.0880676036883334
1793,0.9303526887883342
1794,1.2818930979633334
1795,1.0283191849383337
1796,0.9007037552383342
1797,0.9860639974500001
1798,0.6858947718421058
1799,0.43633419470639095
1800,0.46259089569924855
1801,0.43579215394924853
1802,0.39755945805714304
1803,0.26928761626559533
1804,0.2443854464105955
1805,0.18011005743000005
1806,0.18124271608333348
1807,0.17868287840583338
1808,0.1786982492975
1809,0.17169691131750003
1810,0.17489931279750004
1811,0.21783481913500008
1812,0.15726718762000008
1813,0.1564311535850001
1814,0.12747605929000003
1815,0.11127440924484848
1816,0.11099437523818184
1817,0.1462042246831819
1818,1.111659488125001
1819,1.095724416850001
1820,1.0738251089000008
1821,1.016866336185001
1822,1.004541313835001
1823,0.9742428533475007
1824,0.9185015315308336
1825,0.8837305405183337
1826,0.7486326817375004
1827,0.6490811158833332
1828,0.6409161653666664
1829,0.6138731488833331
1830,0.3837189137125002
1831,0.3279988030223706
1832,0.28329609869250016
1833,0.2578051567925002
1834,0.26224725809250027
1835,0.2654976309625001
1836,0.11347946364598624
1837,0.11268185870098625
1838,0.11531076584142103
1839,0.06529821730764564
1840,0.0652846738329234
1841,0.06356032570946507
1842,0.05050271515306284
1843,0.050758532030205694
1844,0.05827219725513031
1845,0.8503160359161746
1846,0.7190484253061271
1847,0.6219940231756063
1848,0.8234250127607655
1849,0.6995210408056513
1850,0.5770670684119754
1851,0.4303643488600006
1852,0.36661197424242675
1853,0.26759752986389446
1854,0.3154843270699597
1855,0.2956564036704757
1856,0.262852801112166
1857,0.2016790905427824
1858,0.18373923143215087
1859,0.1018732087541113
1860,0.10181076568034748
1861,0.10138767617194276
1862,0.10038319401227615
1863,0.12241959345409092
1864,0.12079934867909092
1865,0.12378388895742422
1866,0.07457550592199996
1867,0.07335229623199996
1868,0.07256985547699997
1869,0.06461675393666669
1870,0.06453485768666668
1871,0.06747786722666665
1872,1.0145999377337498
1873,0.7471852710599997
1874,0.44411689032142876
1875,0.9913102055037499
1876,0.7232032754349998
1877,0.43389305077875007
1878,0.8421605040600002
1879,0.5454046474185223
1880,0.3466333932814396
1881,0.43481691289393964
1882,0.3873881747364395
1883,0.3083288194214395
1884,0.17841426132179772
1885,0.1652742930191786
1886,0.12798329814023815
1887,0.15698938634999993
1888,0.14472727978666666
1889,0.12821649552666672
1890,0.2100898039149999
1891,0.1495524560599999
1892,0.14660643551499994
1893,0.19990984021999997
1894,0.14084193227499997
1895,0.13729736085499997
1896,0.15563850128999998
1897,0.10041999030499998
1898,0.102226662435
1899,1.9517126716500015
1900,0.8767154600999993
1901,0.7371232042499994
1902,1.9992409952000014
1903,0.9044774105999994
1904,0.7348138605499994
1905,1.745188576750002
1906,0.6905411954849996
1907,0.4216680999449999
1908,0.6658357936950001
1909,0.44649445937500004
1910,0.3582680931650002
1911,0.171105151965
1912,0.16338532736
1913,0.15954473688
1914,0.5524093032399999
1915,0.28614627964642864
1916,0.16235910901499997
1917,0.12249723942939283
1918,0.11680570498939284
1919,0.1202226787093929
1920,0.08597570385781568
1921,0.07576245968138713
1922,0.07435492946360933
1923,0.06768046369244443
1924,0.06447345539490475
1925,0.0750719395696667
1926,0.8724251311000001
1927,0.603750914096528
1928,0.4108239488506948
1929,1.113603375006309
1930,0.7462124721694444
1931,0.4632663559358138
1932,0.6084039449499999
1933,0.3465626452049997
1934,0.2517105177649999
1935,0.3862503129157144
1936,0.28491811933
1937,0.23147563004999994
1938,0.18271817613423078
1939,0.1708912908807307
1940,0.1180244851292857
1941,0.20923044943905375
1942,0.141310992975125
1943,0.1217211490692857
1944,0.152362010455
1945,0.15174524760000005
1946,0.15335188933500002
1947,0.09290188997083343
1948,0.09096824478083336
1949,0.08799757596250002
1950,0.07313525875329165
1951,0.07247140327104164
1952,0.08194981827916668
1953,1.1987985692778578
1954,1.0674831236528575
1955,1.00405172086625
1956,1.2279553874475002
1957,1.0789231482975001
1958,1.00477849395375
1959,1.0823466793100003
1960,0.8468303516000003
1961,0.5468237539499995
1962,0.5000067305265583
1963,0.48467144717655847
1964,0.4357858127465585
1965,0.2947248757100002
1966,0.2888620211948531
1967,0.1514258920327779
1968,0.157584893799514
1969,0.15569760465451396
1970,0.15237652191777784
1971,0.11472510760900002
1972,0.11618945580900002
1973,0.11970856028999993
1974,0.06601699335500001
1975,0.06490597942800005
1976,0.06578032994300002
1977,0.05559939929500004
1978,0.056199987010000056
1979,0.07082337352500011
1980,0.6263804060083333
1981,0.6204864239583332
1982,0.6034481454249999
1983,0.48520787460666626
1984,0.4785561005066664
1985,0.4631071653566665
1986,0.40969984179000013
1987,0.3994351558312501
1988,0.3425167173640277
1989,0.3603096479615207
1990,0.35713782186152065
1991,0.3427388280601318
1992,0.27020266269242404
1993,0.16042451201499996
1994,0.12025124326000002
1995,0.11512093835000002
1996,0.11480218894500002
1997,0.11892946359500005
1998,0.09572655291469895
1999,0.09859464678779416
2000,0.09946724274029414
2001,0.045565252065840056
2002,0.0444721829408401
2003,0.04337329458235309
2004,0.036507903661194975
2005,0.0362941050362177
2006,0.04538550595441948
2007,0.3539839483286824
2008,0.2795166795324956
2009,0.24636125618855953
2010,0.2980678918181856
2011,0.25074250207508236
2012,0.21660858990292442
2013,0.24450654749833695
2014,0.20759793891321304
2015,0.1451399895804351
2016,0.2231947338702614
2017,0.2028343140258367
2018,0.1599704239746264
2019,0.10714120181053575
2020,0.08688953964658333
2021,0.0716580971885
2022,0.08908892525908337
2023,0.07815109696250001
2024,0.07117912373850001
2025,0.13892830709812487
2026,0.13718576764312496
2027,0.1460510468831249
2028,0.1261401465949999
2029,0.11976176150999995
2030,0.11890095232499996
2031,0.08454455378500005
2032,0.08359239716500007
2033,0.09782097812249996
2034,2.8140639002000016
2035,1.3230922428000005
2036,1.2409402078500003
2037,2.9208857646500013
2038,1.5167937791000004
2039,1.4006042429499999
2040,2.117627315050002
2041,0.97075613155
2042,0.6182145216833328
2043,0.8146776172649994
2044,0.5295180902149997
2045,0.4982503089399998
2046,0.35865245130999973
2047,0.3524299273099999
2048,0.2801304142350002
2049,0.497323151505
2050,0.2932649901550001
2051,0.28226724815500026
2052,0.24267257508999995
2053,0.16170283357499987
2054,0.15628488899999993
2055,0.21811248876500014
2056,0.14072305535999996
2057,0.135432271485
2058,0.18414007986709965
2059,0.11151981621924238
2060,0.10978003709924232
2061,1.7922496018500016
2062,0.7435592355499996
2063,0.5870471421999998
2064,1.801008163890002
2065,0.7427428467571424
2066,0.5826049193999997
2067,1.6243379429400011
2068,0.6998433364571427
2069,0.47810067154999986
2070,0.7849851515633334
2071,0.5576808980166666
2072,0.41227214678333346
2073,0.19637425375791678
2074,0.1857202626183334
2075,0.1857784454101191
2076,0.55951158899
2077,0.31294432627539703
2078,0.19427164433595245
2079,0.22469249806499977
2080,0.22517735407499972
2081,0.22068677792999988
2082,0.14213196856000004
2083,0.137218577185
2084,0.13386622840000004
2085,0.11453398860500004
2086,0.11441339419500002
2087,0.12042752502500002
2088,2.0830745617666677
2089,1.1717485009083342
2090,0.9984028308083333
2091,1.9068826629166689
2092,1.130251120041667
2093,1.000020479158333
2094,1.645657601100001
2095,0.9832762565750001
2096,0.5720901184749997
2097,0.8619488925928575
2098,0.6825045025250003
2099,0.5149664971571427
2100,0.2245785186683335
2101,0.2202055121566668
2102,0.17228209251692317
2103,0.24358288137384612
2104,0.20677717269192314
2105,0.17510709636692318
2106,0.13194994072500005
2107,0.12976250245499996
2108,0.12567848370499993
2109,0.12077869534416673
2110,0.11532532552916668
2111,0.11254698258416665
2112,0.08893520713449998
2113,0.08861080951166662
2114,0.08916559724416659
2115,1.4394468694999998
2116,0.6698156584999999
2117,0.5104843123500001
2118,1.4055566124899994
2119,0.6729212689999998
2120,0.5293244376000001
2121,1.1761724060400005
2122,0.56678180472
2123,0.3402446614716665
2124,0.4775829816323532
2125,0.37226261270500005
2126,0.29667442974333347
2127,0.12139129170833333
2128,0.10696773312371034
2129,0.10955361457871034
2130,0.2939260996300001
2131,0.16688833726240293
2132,0.11349657496537696
2133,0.11934094723000004
2134,0.12031900240499996
2135,0.11911130622999995
2136,0.10843514320500004
2137,0.10612363701999998
2138,0.10408355828000002
2139,0.08906238256999993
2140,0.08863509605333325
2141,0.08974046197833324
2142,1.1523726369983331
2143,0.7801570617833333
2144,0.6512959180000003
2145,1.1406588222483334
2146,0.7687769531333334
2147,0.6591793062000003
2148,1.0078150759983342
2149,0.6174606750625002
2150,0.35995133492000014
2151,0.41488800984900015
2152,0.39266082181500017
2153,0.3340741723900001
2154,0.16525825231500002
2155,0.15558022750333328
2156,0.1549529430633333
2157,0.25113731760749985
2158,0.21229562451416664
2159,0.15832573766499997
2160,0.16032142568761912
2161,0.1608738186326191
2162,0.18002315533761912
2163,0.13910608428384624
2164,0.13369964282884625
2165,0.1276666537838462
2166,0.09959497133717951
2167,0.0987323006721795
2168,0.11389069891499994
2169,1.1236979823
2170,0.9415082041926287
2171,0.7981843673634621
2172,1.1442868021500003
2173,0.9594310624288787
2174,0.7743086916030449
2175,0.858994816547222
2176,0.7056196682729164
2177,0.62989249035
2178,0.651033629675
2179,0.613767625194231
2180,0.5770433036692306
2181,0.341834957705238
2182,0.31414529981720724
2183,0.29936819633387374
2184,0.32320919757333344
2185,0.30461714691333336
2186,0.2900423594199999
2187,0.164857546615
2188,0.17327291412727275
2189,0.18946679303000008
2190,0.14788187184416668
2191,0.15255153443143943
2192,0.1407403730991668
2193,0.11437660798666677
2194,0.1242082781666667
2195,0.14399782820999996
2196,0.6345946154900007
2197,0.6238090929400005
2198,0.6141482502400004
2199,0.5535730195450007
2200,0.5425212331900006
2201,0.5293492714900003
2202,0.4937462073450006
2203,0.5211214353175007
2204,0.5757670047562501
2205,0.5537251767968453
2206,0.5437863091087499
2207,0.5372642048499998
2208,0.3185449282789148
2209,0.30243716475739957
2210,0.2547848844934312
2211,0.24923078599250015
2212,0.24840856855244625
2213,0.24567216393994612
2214,0.06333364935466664
2215,0.06337705220916662
2216,0.06265841221816666
2217,0.04564502804300896
2218,0.04542347094000895
2219,0.04602944298268754
2220,0.043665221522294656
2221,0.04426537468560417
2222,0.057318373762500034
2223,0.286628832930452
2224,0.2841179871240524
2225,0.2444196983661111
2226,0.26270599323285465
2227,0.2596716582939658
2228,0.22423949624777792
2229,0.22763943130186157
2230,0.21730473721876634
2231,0.1860621938603572
2232,0.2020419707545621
2233,0.19817897558122868
2234,0.17845196955397535
2235,0.14929975828433328
2236,0.09222650240291673
2237,0.0874767996879167
2238,0.09910573330593256
2239,0.09737520479982148
2240,0.08758511954125002
2241,0.12743639922547
2242,0.12906899604047
2243,0.13865998595999993
2244,0.09331761287000002
2245,0.09200360404000005
2246,0.09132207305500005
2247,0.0689255295425
2248,0.06948708952148809
2249,0.08127826333499996
2250,0.9476166925499999
2251,0.7865584978852942
2252,0.6517216279314104
2253,0.877564108103698
2254,0.7327280401722388
2255,0.6007222109964107
2256,0.5552240206150004
2257,0.5084891566861114
2258,0.3654431997104268
2259,0.38421363853264884
2260,0.3756269260226491
2261,0.33837722319444685
2262,0.2157214135339407
2263,0.19094604534571416
2264,0.13942653421781961
2265,0.15614918570797098
2266,0.14760697721781954
2267,0.13888002677781958
2268,0.09695343303699998
2269,0.097953241922
2270,0.10093709237499994
2271,0.055299935773142864
2272,0.05575200304761907
2273,0.059736174787142826
2274,0.05164397012147623
2275,0.05210776006547623
2276,0.06810520725999997
2277,0.4862224607416664
2278,0.47841900327333337
2279,0.4470662563983334
2280,0.3823623608866664
2281,0.3797025288316666
2282,0.36507639668999997
2283,0.3298997661450001
2284,0.3032233910216666
2285,0.2660403839340476
2286,0.28832652125555563
2287,0.2766289560405555
2288,0.2619398419857144
2289,0.17936704060999997
2290,0.12485119978523801
2291,0.11527067620107138
2292,0.11026270096607142
2293,0.11253238087607136
2294,0.11424587620607136
2295,0.15212933735119047
2296,0.15551501171785712
2297,0.1784773583192857
2298,0.107489416695
2299,0.09939548755675005
2300,0.09637594822125006
2301,0.0792002930505
2302,0.0765695165691607
2303,0.09976603146499997
2304,1.1233772621756717
2305,1.016858448419838
2306,0.9341415350958329
2307,1.064202439376707
2308,0.9931372428009487
2309,0.8354338171820826
2310,0.7010451277395832
2311,0.5877247538320831
2312,0.5491657946488216
2313,0.5435147285005525
2314,0.5198026803630527
2315,0.5009983330940053
2316,0.3135057961875003
2317,0.2811376788948054
2318,0.17715234738631572
2319,0.16642960887334732
2320,0.16758366205834727
2321,0.17168467789668057
2322,0.13204842443
2323,0.12886105769499998
2324,0.12644901884999993
2325,0.08081943329099998
2326,0.073966362601
2327,0.07052961972000003
2328,0.06566525910145458
2329,0.06479480883145457
2330,0.06880346493750003
2331,1.5719470518750007
2332,0.8682608660000004
2333,0.6539377091
2334,1.475014847865001
2335,0.8523707669500006
2336,0.6610547045550001
2337,1.2560158465150009
2338,0.6237988676399996
2339,0.31601073033000016
2340,0.4816014126683336
2341,0.3741889320400001
2342,0.2859065137762502
2343,0.13752214544776512
2344,0.12252321027232144
2345,0.12498470746961543
2346,0.1854720715850001
2347,0.15433521899687735
2348,0.12538277279378213
2349,0.05760905042447623
2350,0.056771313764476215
2351,0.0563593054194762
2352,0.04931851099147621
2353,0.0481576014189762
2354,0.04778338041822617
2355,0.04829108623071861
2356,0.04728189972288528
2357,0.05059291633288529
2358,0.2724080522200001
2359,0.2508371117941665
2360,0.23900662534416658
2361,0.26788669105982155
2362,0.247691669533988
2363,0.23545601643398803
2364,0.26101513255625014
2365,0.22284806586208325
2366,0.18189333526095222
2367,0.19142545295666655
2368,0.18419744563166648
2369,0.16405339657999984
2370,0.08945497117872726
2371,0.08605513330872729
2372,0.08242651710583333
2373,0.0909894915030833
2374,0.08329434500975
2375,0.08191244846
2376,0.11122933487699999
2377,0.10854117489699996
2378,0.10946051410700001
2379,0.07878688628736837
2380,0.07481345392736842
2381,0.07308907241736842
2382,0.051853658365311785
2383,0.05232009818197844
2384,0.05658627126681821
2385,0.7224596514066668
2386,0.5520710257680954
2387,0.42742382047270566
2388,0.955507904698333
2389,0.6739512134361817
2390,0.480875234416436
2391,0.5656304731075007
2392,0.4105725609342262
2393,0.30044794474988096
2394,0.29565478065899997
2395,0.2632917138739998
2396,0.22867099338500008
2397,0.16330377396865547
2398,0.15536992951946746
2399,0.1030476194778056
2400,0.12271527387972218
2401,0.1133193702662639
2402,0.1016222341811131
2403,0.26535683658583326
2404,0.2682398040991667
2405,0.34399530668333334
2406,0.32617360109560595
2407,0.31189063447060594
2408,0.17314004347583345
2409,0.12869101936250002
2410,0.13038723261250015
2411,0.23549823370499975
2412,2.8651650008000025
2413,2.852981539600001
2414,2.6735691210500003
2415,3.050497534200001
2416,2.9020365635000003
2417,2.47981762355
2418,1.7539504175499991
2419,1.6320862955249984
2420,1.2825356253958344
2421,1.2359658628333337
2422,1.2198950231666665
2423,1.1787968267375004
2424,0.7191967078250003
2425,0.5761043195916666
2426,0.470831623024683
2427,0.4509024961830164
2428,0.450833570287183
2429,0.46420036347468285
2430,0.1301922390705556
2431,0.1327696988941667
2432,0.13752490441666668
2433,0.0804971224946428
2434,0.07928745724964276
2435,0.0785262905221428
2436,0.06785247721500001
2437,0.06999352857
2438,0.08384701486999992
2439,0.71021313701
2440,0.6539112526666667
2441,0.5972427038916667
2442,0.6643456894516665
2443,0.6164195321583334
2444,0.5554065204
2445,0.5303779685333332
2446,0.45193923110833334
2447,0.38218867911666693
2448,0.3954296222499999
2449,0.37770517004999987
2450,0.35034539005
2451,0.18739810072500007
2452,0.1615232219350001
2453,0.15609240183807704
2454,0.15878129056000004
2455,0.15736453071807704
2456,0.15149146468807703
2457,0.07127882439305554
2458,0.07098456999305555
2459,0.0691368006480556
2460,0.04791425610762942
2461,0.046617407888943065
2462,0.045881415965872197
2463,0.041078276426412014
2464,0.04036639361130073
2465,0.046854816114621556
2466,0.4129962560163246
2467,0.36828427521621676
2468,0.2866867632744263
2469,0.34093179455484174
2470,0.3207096221931295
2471,0.2519251501314005
2472,0.28505522057042737
2473,0.25458582757520587
2474,0.18584488759357104
2475,0.22946077310730645
2476,0.21111429536167228
2477,0.1776192629743468
2478,0.1029615322354636
2479,0.08869176416982663
2480,0.07660631178812126
2481,0.0933205849579657
2482,0.08542119461649512
2483,0.07564366754112178
2484,0.17720978212500008
2485,0.18747639202000002
2486,0.2065697157900001
2487,0.1954852276600001
2488,0.19939305167000007
2489,0.1901514509300001
2490,0.1621988882333333
2491,0.17436806365333343
2492,0.19648799476333337
2493,0.78864747392
2494,0.7108261505700003
2495,0.6862553464700002
2496,0.7198387025700004
2497,0.6525374273700006
2498,0.6285058087700007
2499,0.6547199268700004
2500,0.6340031346950002
2501,0.6980574226499999
2502,0.6801148163749996
2503,0.6695908369999998
2504,0.6578490642499998
2505,0.48670627443387376
2506,0.4459772119823586
2507,0.4303329235773587
2508,0.4663655867943185
2509,0.4644747177318186
2510,0.42517426758681814
2511,0.1401319345875357
2512,0.1392358164137857
2513,0.15308820983753563
2514,0.0870529116225
2515,0.08402187094068184
2516,0.08363599624318185
2517,0.07552673740499999
2518,0.07600996406874999
2519,0.08172575667874998
2520,0.6407539139666671
2521,0.5584514169583339
2522,0.5548347851916672
2523,0.3899554867083331
2524,0.3617649672083331
2525,0.35771697515833323
2526,0.35695877585000013
2527,0.34725790634999987
2528,0.3502300054166667
2529,0.3551883504054762
2530,0.3456637105554763
2531,0.344837910507143
2532,0.3348758293711365
2533,0.19402880530919195
2534,0.154817252764755
2535,0.1399063795533334
2536,0.1404373803550001
2537,0.1471707624705883
2538,0.10298178490102565
2539,0.10583606488040065
2540,0.1114156623704006
2541,0.07247041493800001
2542,0.07158870385985719
2543,0.06895897535885716
2544,0.05421997288116665
2545,0.054255636282916644
2546,0.06441473692124997
2547,0.5483963511939559
2548,0.4945299972559796
2549,0.43219003831916664
2550,0.5773821057535519
2551,0.516245252489212
2552,0.4407148165208335
2553,0.4124437773479166
2554,0.3530881224672562
2555,0.3002709121239133
2556,0.3095460572179111
2557,0.2809110539743002
2558,0.2592077002117461
2559,0.19491808100624997
2560,0.18419119207125
2561,0.1720939244965
2562,0.18961655656907506
2563,0.1747013011224084
2564,0.16702142232899994
2565,0.16614556070000006
2566,0.16651500794000007
2567,0.175547520655
2568,0.14846699026227278
2569,0.14742530156727277
2570,0.13066929624727278
2571,0.11775375550000006
2572,0.11784134046500006
2573,0.13693332612000003
2574,0.5863558028375003
2575,0.5829922364875002
2576,0.5782446103375002
2577,0.5259467853777782
2578,0.5194134170777782
2579,0.5122260582600004
2580,0.47110661710000007
2581,0.4683562636700004
2582,0.5015335636700002
2583,0.48889161617000015
2584,0.4854096681200001
2585,0.4864920701800001
2586,0.3858281894314286
2587,0.34389218487142864
2588,0.24791189777772726
2589,0.24062273551500005
2590,0.24239796992272727
2591,0.24462054183772733
2592,0.13692465244999996
2593,0.13714549626000003
2594,0.138099794275
2595,0.11274519941499998
2596,0.1073708348425
2597,0.10066539328250006
2598,0.0913731166321429
2599,0.0906683284971429
2600,0.10609370600464292
2601,1.7942812774000003
2602,1.5196208206500001
2603,1.2480964412500006
2604,1.5345578844000005
2605,1.4217001156500004
2606,1.1738815475000002
2607,1.318300217450001
2608,1.1122788008500004
2609,0.7612437331285717
2610,0.8493706812200004
2611,0.8059238273985718
2612,0.68934713445
2613,0.3304910688109851
2614,0.23024689460348502
2615,0.2085343003216669
2616,0.21307861386000007
2617,0.2136469792566668
2618,0.20699223647666684
2619,0.1112688036832499
2620,0.11182350913324988
2621,0.1236656758256665
2622,0.0812990788146618
2623,0.07810907318966176
2624,0.07623477836716172
2625,0.05231893153439289
2626,0.05239772523153574
2627,0.06399768736600005
2628,0.4750442913900003
2629,0.4652269652342859
2630,0.45132902385928597
2631,0.4424774696150004
2632,0.42937952370928584
2633,0.4112498363092858
2634,0.31369673525000014
2635,0.31475947723928593
2636,0.2947393399047619
2637,0.28643791327499996
2638,0.28328109014999997
2639,0.275714368
2640,0.21804042650535713
2641,0.18098398658535714
2642,0.1091873394545
2643,0.10448783075049997
2644,0.10522082497258818
2645,0.10740822170175492
2646,0.13875333323749997
2647,0.13770775681749992
2648,0.14157069258499996
2649,0.11323221445583334
2650,0.10288335947250005
2651,0.09219015833000015
2652,0.08597134200833338
2653,0.0838213528
2654,0.09483997173500006
2655,1.8896516485499995
2656,1.2344662921999998
2657,1.045152474383334
2658,1.8788043182999992
2659,1.2373377239600003
2660,1.0386534178600009
2661,1.5731015487
2662,0.8781030832861056
2663,0.5153962723846053
2664,0.5988227685139995
2665,0.5254655057561051
2666,0.4503549567300001
2667,0.23616858168068194
2668,0.2329232029973485
2669,0.22755819419901527
2670,0.3465764865766666
2671,0.2817404745365154
2672,0.23095640603651532
2673,0.1553793413483333
2674,0.1582690651983333
2675,0.16028047905833326
2676,0.1261656268383333
2677,0.12120419975250002
2678,0.11884095147499998
2679,0.07290848162742644
2680,0.07531635545492645
2681,0.08473686307500003
2682,1.0582030244999996
2683,0.8800611058000003
2684,0.7857420441500008
2685,1.157826105299999
2686,0.9676301587999998
2687,0.8328642801500006
2688,0.9311387901000003
2689,0.6747876860500008
2690,0.47530979841249993
2691,0.4043851277606818
2692,0.3920050744456817
2693,0.3459466065021429
2694,0.20267386519999991
2695,0.18428666215499998
2696,0.16214386380499984
2697,0.19705099179500007
2698,0.17662758491999997
2699,0.16158519239499988
2700,0.11712903432900004
2701,0.11980633713578578
2702,0.1332489913007857
2703,0.10260543532000006
2704,0.09507651457300001
2705,0.09369406720500004
2706,0.07152620259671749
2707,0.07083581930171752
2708,0.08592859537318183
2709,0.8763496537094884
2710,0.817762882041036
2711,0.771468162791036
2712,0.8029883685994882
2713,0.7591801232060357
2714,0.6447388369321723
2715,0.5209072980199999
2716,0.4290274604800002
2717,0.3563496644404169
2718,0.3775227550508873
2719,0.3700314065446374
2720,0.3469125722479709
2721,0.25762280135310794
2722,0.23330894411128977
2723,0.15451398076571973
2724,0.15084930849655304
2725,0.1494281423132197
2726,0.15138022503321968
2727,0.14029511267214279
2728,0.13911647279214281
2729,0.1414020868921428
2730,0.04982204904625001
2731,0.048815400084250005
2732,0.04928905989624998
2733,0.04426737686297621
2734,0.04286864301347619
2735,0.04493167200547621
2736,0.6412296075983328
2737,0.5763655045441667
2738,0.44975431745833355
2739,0.5733377679999994
2740,0.5111757553583334
2741,0.3928289469770834
2742,0.4632408520166667
2743,0.36342077049166627
2744,0.2504511986478571
2745,0.34020122879833314
2746,0.2968633711811903
2747,0.25747563702952375
2748,0.20093102446750014
2749,0.16922172881250003
2750,0.11411635677607147
2751,0.12318664849000018
2752,0.11697059088607156
2753,0.11393966408107149
2754,0.09182083740961146
2755,0.09148978545342096
2756,0.09266143459499993
2757,0.04321446821613096
2758,0.04258654383490874
2759,0.04207803941128373
2760,0.03940036329117542
2761,0.03856907773968534
2762,0.042389737308875824
2763,0.30524188891791665
2764,0.2581936335550001
2765,0.2338405760210001
2766,0.27884502926391647
2767,0.24380942418099985
2768,0.23058071453285184
2769,0.24225420771863093
2770,0.19574711201465889
2771,0.16993853514280705
2772,0.20268622880089285
2773,0.1898515743152286
2774,0.17231023319499986
2775,0.12196889517417844
2776,0.10557368607749401
2777,0.08329978689582415
2778,0.09303146074367209
2779,0.0907279593294963
2780,0.08211604605582414
2781,0.1833417043207143
2782,0.19737018444571436
2783,0.21131478490000005
2784,0.18759837022571443
2785,0.20019745492298718
2786,0.176474505725
2787,0.15182299340000002
2788,0.16482193078000004
2789,0.18432646037499992
2790,1.1548602892888895
2791,1.0521873572888896
2792,1.0404258100888895
2793,1.1098810075388899
2794,1.03867019273889
2795,1.0153402984674613
2796,0.9807239742674612
2797,0.9441229452674608
2798,0.8058224857785717
2799,0.8035230085
2800,0.7530217047285716
2801,0.6671990221499997
2802,0.3318194653736996
2803,0.32163564012786616
2804,0.325261549340659
2805,0.34614569338899237
2806,0.33774328881946863
2807,0.3239554413873259
2808,0.09724623569857145
2809,0.09734904819857146
2810,0.10375043654000005
2811,0.05988533801441833
2812,0.059051846547196106
2813,0.05902613813807109
2814,0.04438288594580154
2815,0.044759683079551575
2816,0.056049151463848076
2817,0.4479608437413859
2818,0.4368080170236478
2819,0.38106114175416783
2820,0.36322786495768883
2821,0.35934956856393896
2822,0.3247204772049495
2823,0.2897087217025712
2824,0.268919931504875
2825,0.23401813791803142
2826,0.2746721909191093
2827,0.2705644186846795
2828,0.24779639600187955
2829,0.1928083234861694
2830,0.16141904046783195
2831,0.10851046761971453
2832,0.11034112131098806
2833,0.10857204648598806
2834,0.10646741990998733
2835,0.14628723582589487
2836,0.14509580264953958
2837,0.1475360238693472
2838,0.07972980898334998
2839,0.07932024673763571
2840,0.0773080670813857
2841,0.06722867034845786
2842,0.0669990860804579
2843,0.07020406727738095
2844,0.8781287535358338
2845,0.6862482800872026
2846,0.545629604081394
2847,0.8975079806899998
2848,0.6952125302549657
2849,0.5593218175155608
2850,0.6128543277500005
2851,0.5136304558
2852,0.4336750510922726
2853,0.4718506565006061
2854,0.4476693323922729
2855,0.394579378965606
2856,0.23879546785710784
2857,0.21859967037291675
2858,0.13358286859961466
2859,0.14457376663911373
2860,0.13434547409116232
2861,0.13362599951575102
2862,0.08890884754274993
2863,0.0880056801877499
2864,0.08802234047874993
2865,0.06626784973936867
2866,0.06557658877936867
2867,0.06521524994267637
2868,0.0462603379245357
2869,0.04596263137882141
2870,0.049145099878555205
2871,0.6558444034518841
2872,0.519361121964461
2873,0.3515337338175001
2874,0.7424507800830114
2875,0.5469081803500383
2876,0.35723745207249996
2877,0.6027486919788447
2878,0.4443726794303584
2879,0.2654004088358974
2880,0.2846801189516867
2881,0.2520266046322638
2882,0.21244501188257928
2883,0.12726333859267078
2884,0.11535561847267074
2885,0.11145717160945649
2886,0.19311319300779764
2887,0.15242619860278975
2888,0.11412913397778986
2889,0.14677327397822812
2890,0.1500936805309524
2891,0.15554227098095244
2892,0.07966251407666668
2893,0.07828075956000001
2894,0.07776258518500004
2895,0.06487515805733335
2896,0.0661628437247143
2897,0.07024297351000004
2898,0.905090279856845
2899,0.5594101898636906
2900,0.4910229027047621
2901,0.8954245104505949
2902,0.546067281100119
2903,0.5001032291904761
2904,0.6148385175714285
2905,0.470015456050238
2906,0.3912876891033331
2907,0.4685505945714282
2908,0.4098160539989283
2909,0.34886329323826915
2910,0.14365080428750018
2911,0.12288446306729175
2912,0.10352690548239675
2913,0.13697839779119053
2914,0.12383252587281841
2915,0.10439173748406341
2916,0.1597709855025
2917,0.15925579085250008
2918,0.16131079373749999
2919,0.12224576013541663
2920,0.12001002069541662
2921,0.11858014651541662
2922,0.09606129992737492
2923,0.09554961382937494
2924,0.09866414412854158
2925,1.6098107906002779
2926,1.010630028164444
2927,0.7756588839736367
2928,1.4450444252849999
2929,0.9610158624366665
2930,0.7337820718850001
2931,1.0475672446124993
2932,0.7066879926000005
2933,0.5126601215003846
2934,0.6582077385850001
2935,0.5855592226850004
2936,0.4501659310200001
2937,0.2112831238358332
2938,0.19982901171416662
2939,0.19100730543749989
2940,0.30606983758750006
2941,0.2762927332124999
2942,0.19766117796583318
2943,0.12048349262587912
2944,0.1194590059808791
2945,0.1256516234710897
2946,0.08075917854569259
2947,0.07750460341694258
2948,0.07631153843545452
2949,0.06939856798577378
2950,0.06854209187202379
2951,0.07988639799527605
2952,0.7152651238229172
2953,0.66083254401539
2954,0.49846983816859636
2955,0.7326108699688133
2956,0.6548684253856536
2957,0.48926528199556624
2958,0.6117341940650755
2959,0.5171577521669009
2960,0.32805078643891183
2961,0.3917068099906128
2962,0.3428137617077072
2963,0.27748934177406753
2964,0.18531556005791688
2965,0.17022305676377453
2966,0.1584543776030219
2967,0.17931658361416677
2968,0.16532024265226195
2969,0.1428866348827198
2970,0.10888599897119226
2971,0.11019726183535894
2972,0.11679178420516663
2973,0.07918516582125001
2974,0.07569343031916664
2975,0.07202244207691666
2976,0.05216351330857147
2977,0.05311911588857146
2978,0.06271738488666669
2979,0.7793218312733632
2980,0.7096481273849107
2981,0.6405516841673808
2982,0.7946797418604283
2983,0.7034114172100242
2984,0.5953960724691401
2985,0.48371080422499985
2986,0.3682067801063393
2987,0.2570214253313747
2988,0.28091634922673586
2989,0.2680608514822271
2990,0.2505746959342718
2991,0.22979801859865512
2992,0.1960497125692479
2993,0.09708584296455586
2994,0.1005268841198535
2995,0.10101047008010347
2996,0.0972191049992702
2997,0.11291424571999993
2998,0.11174496263499994
2999,0.12221394001000001
3000,0.09529228232499994
3001,0.09258399449749996
3002,0.08672589398750002
3003,0.08245243373999997
3004,0.08170698572249999
3005,0.09325500574999998
3006,0.6679121606116665
3007,0.6530233236616664
3008,0.6410803624449996
3009,0.5691023808249999
3010,0.5615514583
3011,0.5502284821333333
3012,0.5183693891310811
3013,0.4829118543310809
3014,0.46908384409219184
3015,0.4896045324171919
3016,0.4738837796671918
3017,0.444207243686111
3018,0.3032430943671429
3019,0.19226024925000007
3020,0.17539119788500002
3021,0.1731845021550001
3022,0.16712523235500013
3023,0.17238306396000005
3024,0.09111821629405294
3025,0.09162831128931481
3026,0.0957093773933267
3027,0.041567364551189936
3028,0.040741891501134365
3029,0.03993837938045991
3030,0.041430779739533366
3031,0.03874535642726764
3032,0.044057354592203474
3033,0.33650272392449926
3034,0.2679407905948782
3035,0.2081355519551985
3036,0.2935723621645653
3037,0.23507864359061684
3038,0.1917931401457894
3039,0.2547598354544645
3040,0.20714038209533317
3041,0.16334744262772286
3042,0.23679150144632394
3043,0.2096969691772567
3044,0.17363465838517894
3045,0.11225571065032053
3046,0.08750512077401716
3047,0.07682999473007418
3048,0.09283203204312777
3049,0.08636540632145323
3050,0.07530655154174086
3051,0.10251363628328203
3052,0.10749174598628207
3053,0.11032725691666669
3054,0.0662740341222683
3055,0.06555707044161124
3056,0.06421478104387637
3057,0.05123571392218402
3058,0.050876193747449595
3059,0.05433198190125157
3060,0.40801020176105013
3061,0.3624365708054218
3062,0.3211395242724997
3063,0.36091112046456664
3064,0.3202136580488959
3065,0.28895003715192025
3066,0.30885299966867324
3067,0.28692675456962086
3068,0.2382626256314764
3069,0.25800230099304267
3070,0.2542534534171967
3071,0.23538745058139693
3072,0.1433870092401037
3073,0.11488107303010361
3074,0.11543171477135364
3075,0.16727965120701455
3076,0.14652230154078702
3077,0.1168720770016945
3078,0.14480987857000005
3079,0.14536817731000004
3080,0.148038576725
3081,0.13083424803000004
3082,0.12923985155000003
3083,0.12366091551
3084,0.11714119159500004
3085,0.11703662806500006
3086,0.13010065046500005
3087,0.5287590181825002
3088,0.5193885216325002
3089,0.5077890813491668
3090,0.5211140280741668
3091,0.5104092832933974
3092,0.49790690739339744
3093,0.4806082305950003
3094,0.46058034884500054
3095,0.4445349992450003
3096,0.4422561882950001
3097,0.4377703801950002
3098,0.4079100014150002
3099,0.2671534111358334
3100,0.23498786431518773
3101,0.22103890583359687
3102,0.22049319120666677
3103,0.22092947193272736
3104,0.2192671758477274
3105,0.12404625549500001
3106,0.12629096491999997
3107,0.12924864947499992
3108,0.10745944320916663
3109,0.09931347199166667
3110,0.09685129394166665
3111,0.06152748120316665
3112,0.06301105646541666
3113,0.07312598329
3114,1.1052192308499997
3115,0.7068276179000001
3116,0.6703565547000006
3117,1.19757094775
3118,0.7651035620625002
3119,0.6982325971125003
3120,0.8760070895499998
3121,0.5416747177791664
3122,0.3955259433231989
3123,0.4221468471333334
3124,0.3734966771513889
3125,0.3320537641163889
3126,0.18948557999742419
3127,0.16576397595992426
3128,0.15387466761149995
3129,0.16983045392023804
3130,0.16078785204357143
3131,0.14705963699899988
3132,0.08397432046424999
3133,0.08438071156979163
3134,0.08694825002979165
3135,0.05134739458525
3136,0.052097981497750016
3137,0.055038459318750024
3138,0.04162653654041667
3139,0.042600449460416655
3140,0.05372064068499999
3141,0.5255472165021444
3142,0.46297734187077516
3143,0.4091784196250002
3144,0.4388974385235452
3145,0.40750008485408096
3146,0.3771614656933336
3147,0.38495585577592634
3148,0.3169384727369699
3149,0.22591957044742905
3150,0.2280139860201061
3151,0.2195859797756615
3152,0.18870914069288353
3153,0.12288600829988452
3154,0.11579934592638094
3155,0.08848880250702525
3156,0.08888832289552523
3157,0.08805785128730304
3158,0.08770189292702528
3159,0.08189483645342106
3160,0.0823896187817544
3161,0.08439010766833334
3162,0.0546249562284633
3163,0.05275157495262995
3164,0.050456650194948154
3165,0.04142067952115177
3166,0.04078024775780058
3167,0.044874632859165216
3168,0.3896663133239969
3169,0.32208637467861223
3170,0.24658913321734854
3171,0.34973916194828497
3172,0.2996578231962702
3173,0.2257879578216511
3174,0.27802826559180455
3175,0.2417512757856212
3176,0.16767488848392598
3177,0.22335806066926445
3178,0.2054261532993382
3179,0.17437208436371543
3180,0.13953868891044371
3181,0.11210566486363627
3182,0.0850133370034008
3183,0.1035278442746546
3184,0.09714341498811663
3185,0.08447793814283536
3186,0.1848053938800001
3187,0.18727863346500012
3188,0.2415916644850003
3189,0.21794812236500022
3190,0.21443186344500023
3191,0.15577740340000004
3192,0.10995832528000003
3193,0.11079866791000001
3194,0.15695510166000015
3195,1.1353445385000012
3196,1.1259463483250007
3197,1.0932230858625005
3198,1.1021955230125002
3199,1.0917499416625
3200,1.0411729728375
3201,0.8877817870500002
3202,0.7327717484555549
